package,name,composable,skippable,restartable,readonly,inline,isLambda,hasDefaults,defaultsGroup,groups,calls,
com.example.smartshuffle.PermissionDeniedScreen,PermissionDeniedScreen,1,1,1,0,0,0,0,0,1,1,
com.example.smartshuffle.ui.components.NeonButton,NeonButton,1,1,1,0,0,0,1,0,2,3,
com.example.smartshuffle.ui.components.GlitchText,GlitchText,1,1,1,0,0,0,1,0,2,5,
com.example.smartshuffle.ui.components.CyberpunkOverlay,CyberpunkOverlay,1,1,1,0,0,0,0,0,1,2,
com.example.smartshuffle.ui.components.EqBars,EqBars,1,1,1,0,0,0,1,0,2,3,
com.example.smartshuffle.ui.components.NeonIconButton,NeonIconButton,1,1,1,0,0,0,1,0,2,3,
com.example.smartshuffle.ui.components.QueueBottomSheet,QueueBottomSheet,1,0,1,0,0,0,0,0,1,3,
com.example.smartshuffle.ui.components.NowPlayingCard,NowPlayingCard,1,1,1,0,0,0,0,0,1,4,
com.example.smartshuffle.ui.components.SwipeToDismissQueueItem,SwipeToDismissQueueItem,1,1,1,0,0,0,0,0,1,4,
com.example.smartshuffle.ui.components.QueueItemRowDraggable,QueueItemRowDraggable,1,1,1,0,0,0,0,0,1,2,
com.example.smartshuffle.ui.components.SleepTimerBottomSheet,SleepTimerBottomSheet,1,0,1,0,0,0,0,0,1,3,
com.example.smartshuffle.ui.screens.CyberAudioBootScreen,CyberAudioBootScreen,1,1,1,0,0,0,0,0,1,5,
com.example.smartshuffle.ui.screens.FolderDetailScreen,FolderDetailScreen,1,0,1,0,0,0,0,0,1,7,
com.example.smartshuffle.ui.screens.FoldersScreen,FoldersScreen,1,0,1,0,0,0,0,0,1,3,
com.example.smartshuffle.ui.screens.FolderRow,FolderRow,1,1,1,0,0,0,0,0,1,1,
com.example.smartshuffle.ui.screens.HomeScreen,HomeScreen,1,0,1,0,0,0,0,0,1,8,
com.example.smartshuffle.ui.screens.LibraryScreen,LibraryScreen,1,0,1,0,0,0,0,0,3,5,
com.example.smartshuffle.ui.screens.SongGridItem,SongGridItem,1,1,1,0,0,0,0,0,1,1,
com.example.smartshuffle.ui.screens.NowPlayingBar,NowPlayingBar,1,1,1,0,0,0,0,0,1,3,
com.example.smartshuffle.ui.screens.SongRow,SongRow,1,1,1,0,0,0,0,0,2,2,
com.example.smartshuffle.ui.screens.rememberAlbumArt,rememberAlbumArt,1,0,0,0,0,0,0,0,1,2,
com.example.smartshuffle.ui.screens.NowPlayingScreen,NowPlayingScreen,1,0,1,0,0,0,0,0,4,12,
com.example.smartshuffle.ui.screens.NowPlayingScreenContent,NowPlayingScreenContent,1,1,1,0,0,0,0,0,1,3,
com.example.smartshuffle.ui.screens.PlaybackSeekBar,PlaybackSeekBar,1,1,1,0,0,0,0,0,1,1,
com.example.smartshuffle.ui.screens.VerticalVolumeSlider,VerticalVolumeSlider,1,1,1,0,0,0,0,0,1,1,
com.example.smartshuffle.ui.theme.SmartShuffleTheme,SmartShuffleTheme,1,1,1,0,0,0,0,0,1,1,
